Date,BTC,ETH,BNB,ADA,LINK,SOL,DOT,UNI,LUNA,AVAX,ALGO,ATOM,EGLD,LTC
2021-06-01,36684.92578125,2633.518310546875,362.7946472167969,1.7347530126571655,30.699012756347656,30.985260009765625,22.81084632873535,27.395233154296875,6.303988933563232,17.773170471191406,0.8946970105171204,13.757417678833008,101.42830657958984,182.98069763183594
2021-06-02,37575.1796875,2706.125,401.2623291015625,1.7528239488601685,30.656301498413086,33.95631790161133,25.957727432250977,27.631479263305664,6.841399192810059,18.677080154418945,1.0182650089263916,14.852792739868164,103.49520874023438,187.26397705078125
2021-06-03,39208.765625,2855.12646484375,427.80792236328125,1.8404710292816162,32.19055938720703,39.47090530395508,27.013458251953125,28.630809783935547,7.672639846801758,20.24371337890625,1.1099220514297485,16.63729476928711,107.30301666259766,193.086181640625
2021-06-04,36894.40625,2688.195068359375,391.39532470703125,1.710908055305481,28.87575340270996,37.415069580078125,25.008298873901367,26.442995071411133,6.385731220245361,18.247404098510742,1.0287610292434692,15.08472728729248,96.50010681152344,178.87200927734375
2021-06-05,35551.95703125,2630.576904296875,390.4318542480469,1.6590089797973633,27.12679672241211,39.58539962768555,23.816770553588867,25.60755157470703,6.0553460121154785,17.250303268432617,0.9766010046005249,14.873798370361328,96.85371398925781,173.02871704101562
2021-06-06,35862.37890625,2715.0927734375,393.8202209472656,1.6782480478286743,27.551576614379883,42.30837631225586,24.20159912109375,25.9124813079834,6.249195098876953,17.400110244750977,1.024901032447815,15.098883628845215,97.53678131103516,176.63943481445312
2021-06-07,33560.70703125,2590.26318359375,357.3102111816406,1.5641059875488281,24.527210235595703,38.262332916259766,21.6269588470459,24.195165634155273,5.584114074707031,15.522640228271484,0.9552559852600098,13.414450645446777,90.82198333740234,161.73280334472656
2021-06-08,33472.6328125,2517.438720703125,354.0013732910156,1.5880299806594849,24.174898147583008,41.51781463623047,21.745269775390625,23.53021812438965,5.619856834411621,14.868940353393555,0.9434419870376587,13.630867004394531,89.95721435546875,161.16107177734375
2021-06-09,37345.12109375,2608.26708984375,375.73468017578125,1.6248259544372559,25.5693416595459,42.031776428222656,23.184938430786133,25.127302169799805,6.0163421630859375,15.38689136505127,1.046550989151001,13.93913459777832,92.45045471191406,172.13865661621094
2021-06-10,36702.59765625,2471.5185546875,352.1831970214844,1.5318570137023926,23.100679397583008,41.09867477416992,22.684816360473633,23.597158432006836,6.136998176574707,14.176407814025879,1.0439200401306152,12.808160781860352,87.24663543701172,168.20306396484375
2021-06-11,37334.3984375,2353.768798828125,345.9336853027344,1.436378002166748,21.478967666625977,36.046085357666016,20.985857009887695,21.850969314575195,5.551538944244385,13.418978691101074,0.971231997013092,11.937148094177246,81.03295135498047,162.88052368164062
2021-06-12,35552.515625,2372.484375,343.74102783203125,1.4802199602127075,21.686546325683594,36.441688537597656,20.777036666870117,21.3225154876709,5.4975080490112305,13.55193042755127,0.9861140251159668,11.618664741516113,78.9522933959961,162.01486206054688
2021-06-13,39097.859375,2508.3916015625,366.6489562988281,1.5583590269088745,23.337600708007812,38.77043533325195,22.07633399963379,23.274320602416992,6.072099208831787,14.775566101074219,1.040552020072937,12.500146865844727,87.2925033569336,170.93087768554688
2021-06-14,40218.4765625,2537.89111328125,368.7927551269531,1.5751099586486816,23.860898971557617,38.71305465698242,22.20535659790039,23.407238006591797,6.03755521774292,14.965835571289062,1.0862120389938354,12.611080169677734,89.12046813964844,172.9490966796875
2021-06-15,40406.26953125,2610.936767578125,373.566162109375,1.597756028175354,26.084226608276367,41.153648376464844,24.760835647583008,24.18085289001465,6.58910608291626,15.18004322052002,1.0711820125579834,13.360295295715332,92.03443908691406,178.659423828125
2021-06-16,38347.0625,2367.66357421875,347.033447265625,1.4825730323791504,23.015077590942383,39.703617095947266,22.97217559814453,21.832225799560547,6.174939155578613,14.067678451538086,1.0159720182418823,13.381440162658691,86.5005111694336,166.4589385986328
2021-06-17,38053.50390625,2372.001953125,352.738525390625,1.482193946838379,23.35679054260254,39.264591217041016,22.51145362854004,22.154890060424805,6.154644012451172,14.832069396972656,1.0650780200958252,13.600367546081543,86.28826141357422,167.05569458007812
2021-06-18,35787.24609375,2231.733154296875,336.8096923828125,1.415395975112915,21.211151123046875,36.64879608154297,21.398895263671875,20.393360137939453,5.917374134063721,13.627870559692383,0.9850289821624756,12.429533958435059,79.7211685180664,156.3556365966797
2021-06-19,35615.87109375,2178.4990234375,335.71282958984375,1.390570044517517,20.423982620239258,35.35343551635742,20.355941772460938,19.91080665588379,5.763191223144531,13.45772933959961,0.9404079914093018,11.941557884216309,79.68260955810547,153.2954559326172
2021-06-20,35698.296875,2246.364501953125,340.06719970703125,1.4291880130767822,21.735416412353516,35.32201385498047,20.67236328125,20.8065128326416,5.891520023345947,13.970991134643555,0.9360150098800659,12.013412475585938,80.56341552734375,155.09259033203125
2021-06-21,31676.693359375,1888.447509765625,270.98443603515625,1.1774799823760986,17.424097061157227,26.657400131225586,15.769904136657715,15.850638389587402,4.842235088348389,11.210616111755371,0.7550010085105896,9.5482759475708,68.34207153320312,124.78646087646484
2021-06-22,32505.66015625,1874.9500732421875,261.8180847167969,1.1532540321350098,16.80649185180664,26.7718563079834,14.652412414550781,16.38027572631836,4.711923122406006,10.526581764221191,0.7432649731636047,8.97330093383789,59.452640533447266,119.6026840209961
2021-06-23,33723.02734375,1989.736328125,294.49029541015625,1.2528959512710571,18.387203216552734,30.048887252807617,16.14249038696289,17.87169647216797,5.252572059631348,11.193946838378906,0.8330090045928955,10.097492218017578,65.77714538574219,128.67498779296875
2021-06-24,34662.4375,1988.456298828125,308.39703369140625,1.3560869693756104,19.037357330322266,31.181034088134766,16.253658294677734,18.05471420288086,5.454391956329346,11.482956886291504,0.8716210126876831,10.33978271484375,67.36300659179688,134.48460388183594
2021-06-25,31637.779296875,1813.21728515625,281.62091064453125,1.256477952003479,16.930967330932617,28.698862075805664,14.467696189880371,15.905190467834473,5.06310510635376,10.270669937133789,0.7968019843101501,9.14111042022705,61.77914047241211,125.687744140625
2021-06-26,32186.27734375,1829.2392578125,279.43804931640625,1.250440001487732,16.95522117614746,29.712854385375977,14.499611854553223,16.10042381286621,5.2019171714782715,10.2755708694458,0.8096879720687866,9.543618202209473,63.6269416809082,126.65725708007812
2021-06-27,34649.64453125,1978.8946533203125,290.5670166015625,1.3352019786834717,18.344139099121094,31.929391860961914,15.015593528747559,17.095666885375977,5.400850772857666,10.919079780578613,0.834954023361206,10.049683570861816,65.77133178710938,132.34788513183594
2021-06-28,34434.3359375,2079.657470703125,289.53411865234375,1.3247519731521606,18.773988723754883,32.92778015136719,15.740378379821777,17.683860778808594,5.529632091522217,11.286295890808105,0.8404840230941772,10.84878158569336,73.49186706542969,137.370849609375
2021-06-29,35867.77734375,2160.768310546875,300.2115478515625,1.3684370517730713,19.460010528564453,33.86680221557617,16.25337028503418,18.554330825805664,5.986422061920166,11.851420402526855,0.8849599957466125,11.5797119140625,84.65750122070312,143.70291137695312
2021-06-30,35040.8359375,2274.547607421875,303.2958679199219,1.383471965789795,19.497236251831055,35.55640411376953,16.40219497680664,19.278358459472656,6.522355079650879,11.955547332763672,0.8823680281639099,12.00351619720459,85.02845764160156,144.13583374023438
2021-07-01,33572.1171875,2113.60546875,288.2184143066406,1.3356109857559204,18.273292541503906,33.40403366088867,15.278964042663574,17.870399475097656,5.921539783477783,11.22981071472168,0.8385040163993835,11.11038875579834,80.219970703125,137.57752990722656
2021-07-02,33897.046875,2150.040283203125,287.423095703125,1.3943970203399658,18.28356170654297,34.02048110961914,15.340773582458496,18.24172592163086,5.726226806640625,11.132654190063477,0.8462730050086975,11.764925003051758,81.18897247314453,136.94369506835938
2021-07-03,34668.546875,2226.1142578125,298.23712158203125,1.4068360328674316,18.538818359375,34.478816986083984,15.553715705871582,19.524757385253906,5.809141159057617,11.503907203674316,0.8766210079193115,11.817927360534668,92.39693450927734,140.27969360351562
2021-07-04,35287.78125,2321.72412109375,307.7320861816406,1.458184003829956,19.26283836364746,34.31060028076172,16.014026641845703,20.771873474121094,5.973340034484863,12.350099563598633,0.8798410296440125,12.263547897338867,93.59197235107422,144.90585327148438
2021-07-05,33746.00390625,2198.58251953125,302.37799072265625,1.4048980474472046,18.37158966064453,32.984588623046875,15.23558235168457,20.09518051147461,6.037942886352539,12.026809692382812,0.8742669820785522,13.54847526550293,97.50611877441406,138.0732421875
2021-07-06,34235.1953125,2324.679443359375,320.934814453125,1.4180530309677124,20.08046531677246,34.26913833618164,16.143564224243164,22.40018653869629,6.530279159545898,13.357434272766113,0.9139779806137085,13.159371376037598,95.77364349365234,138.9856414794922
2021-07-07,33855.328125,2315.161865234375,327.5224609375,1.4031180143356323,19.764127731323242,36.59136962890625,16.857789993286133,22.23114585876465,7.090137004852295,13.089753150939941,0.9050790071487427,12.926385879516602,95.35623931884766,137.3712158203125
2021-07-08,32877.37109375,2120.0263671875,310.4271240234375,1.3301459550857544,18.42205047607422,33.20372772216797,15.337747573852539,20.400131225585938,6.703923225402832,12.119664192199707,0.8693439960479736,11.928683280944824,88.78752136230469,132.30850219726562
2021-07-09,33798.01171875,2146.6923828125,316.4845275878906,1.3494739532470703,18.63038444519043,33.2646484375,15.669268608093262,20.985469818115234,8.093796730041504,12.544168472290039,0.9052379727363586,13.164698600769043,89.82166290283203,134.57159423828125
2021-07-10,33520.51953125,2111.403564453125,316.14013671875,1.3360849618911743,18.207788467407227,31.788644790649414,15.290839195251465,20.2437744140625,7.895116806030273,12.025736808776855,0.8919079899787903,14.400946617126465,88.26338195800781,133.98728942871094
2021-07-11,34240.1875,2139.664794921875,322.0316467285156,1.3481450080871582,18.363967895507812,32.17784118652344,15.48243522644043,20.681039810180664,8.422262191772461,12.413664817810059,0.8924329876899719,14.06259536743164,89.19193267822266,134.24583435058594
2021-07-12,33155.84765625,2036.7210693359375,316.32818603515625,1.3150990009307861,17.55035400390625,30.848087310791016,14.873132705688477,19.587623596191406,7.891665935516357,12.186532974243164,0.8701429963111877,13.04565715789795,88.61556243896484,133.5381317138672
2021-07-13,32702.025390625,1940.083984375,308.8111572265625,1.2650829553604126,16.866161346435547,29.12118911743164,14.18964958190918,18.438556671142578,7.103418827056885,11.914669036865234,0.8738759756088257,12.113471984863281,85.69490814208984,131.32180786132812
2021-07-14,32822.34765625,1994.331298828125,309.4063720703125,1.2622580528259277,16.945682525634766,31.2810001373291,13.799570083618164,17.868684768676758,6.918966770172119,11.792096138000488,0.8588359951972961,11.749421119689941,84.18035888671875,131.06260681152344
2021-07-15,31780.73046875,1911.1756591796875,315.2440185546875,1.2231919765472412,15.681652069091797,28.45210075378418,13.08484935760498,16.996023178100586,6.6125168800354,11.349885940551758,0.8312079906463623,11.431245803833008,78.82976531982422,125.49156188964844
2021-07-16,31421.5390625,1880.3829345703125,302.985595703125,1.1737149953842163,15.26286506652832,26.37000846862793,12.053826332092285,16.408367156982422,6.578952789306641,10.860897064208984,0.7849929928779602,11.179139137268066,74.57254791259766,121.04105377197266
2021-07-17,31533.068359375,1898.8251953125,300.4979248046875,1.172302007675171,15.360055923461914,26.721668243408203,12.292176246643066,16.106517791748047,6.478758811950684,10.927745819091797,0.7846919894218445,11.000161170959473,74.26312255859375,120.0270767211914
2021-07-18,31796.810546875,1895.5521240234375,302.4804992675781,1.183698058128357,15.502411842346191,26.751909255981445,12.682146072387695,16.36115837097168,6.496267795562744,10.70465087890625,0.7999110221862793,10.983057975769043,74.58341217041016,119.51201629638672
2021-07-19,30817.83203125,1817.296630859375,280.01861572265625,1.121116042137146,14.509061813354492,24.44757652282715,11.425251007080078,15.689140319824219,5.9539618492126465,10.169768333435059,0.7492539882659912,9.958948135375977,69.84172821044922,113.16480255126953
2021-07-20,29807.34765625,1787.5107421875,264.7823791503906,1.0562909841537476,13.775897026062012,23.48955535888672,10.98121166229248,14.599843978881836,5.8709821701049805,9.650588035583496,0.697206974029541,9.485713958740234,67.77403259277344,107.39948272705078
2021-07-21,32110.693359375,1990.9708251953125,292.5313720703125,1.168097972869873,15.268477439880371,26.623079299926758,12.305878639221191,16.679479598999023,6.608770847320557,10.420524597167969,0.7656009793281555,10.41718578338623,76.23806762695312,117.45989227294922
2021-07-22,32313.10546875,2025.2027587890625,293.6411437988281,1.1861610412597656,16.085718154907227,27.70208168029785,13.161491394042969,17.59596824645996,7.346724033355713,10.828587532043457,0.7973380088806152,11.377148628234863,78.86222076416016,120.73579406738281
2021-07-23,33581.55078125,2124.776611328125,299.2829895019531,1.206307053565979,16.51156234741211,28.513879776000977,13.397968292236328,18.623628616333008,7.925920009613037,11.099355697631836,0.8079860210418701,11.459868431091309,80.25231170654297,124.2494125366211
2021-07-24,34292.4453125,2189.21875,302.0718688964844,1.2334970235824585,16.70583152770996,28.702619552612305,13.805340766906738,18.278602600097656,8.486323356628418,11.17281723022461,0.8287979960441589,11.452106475830078,82.76741790771484,126.18867492675781
2021-07-25,35350.1875,2191.373779296875,302.4361572265625,1.2285009622573853,16.759658813476562,28.168773651123047,13.712599754333496,18.27025604248047,8.253888130187988,11.2407865524292,0.890030026435852,11.451760292053223,84.86847686767578,127.59797668457031
2021-07-26,37337.53515625,2233.36669921875,304.4782409667969,1.2584929466247559,18.08965301513672,28.306642532348633,13.951711654663086,18.568395614624023,8.519877433776855,11.492170333862305,0.8507680296897888,11.408082008361816,86.41413879394531,131.36248779296875
2021-07-27,39406.94140625,2298.33349609375,313.60260009765625,1.2784459590911865,19.4996337890625,28.065326690673828,14.37607192993164,18.882579803466797,9.507802963256836,11.91977310180664,0.8542119860649109,11.713591575622559,86.40572357177734,134.6178741455078
2021-07-28,39995.90625,2296.54541015625,313.42864990234375,1.2835040092468262,19.0302734375,27.815410614013672,14.538834571838379,19.015607833862305,10.966312408447266,12.256926536560059,0.8424050211906433,11.558524131774902,84.97123718261719,139.83660888671875
2021-07-29,40008.421875,2380.956787109375,316.74945068359375,1.2840839624404907,19.345849990844727,31.281137466430664,15.236948013305664,19.542638778686523,11.044137001037598,12.41838264465332,0.8455179929733276,11.761094093322754,85.02037811279297,141.3212890625
2021-07-30,42235.546875,2466.96142578125,322.90936279296875,1.3089519739151,22.315961837768555,32.393943786621094,15.838522911071777,20.97228240966797,10.845376968383789,13.002365112304688,0.8529030084609985,12.150323867797852,86.93451690673828,145.7750244140625
2021-07-31,41626.1953125,2536.2099609375,333.5495910644531,1.3223450183868408,22.75370216369629,36.82731246948242,16.847204208374023,21.811683654785156,10.757214546203613,13.591609001159668,0.8412489891052246,12.606651306152344,86.10712432861328,144.93321228027344
2021-08-01,39974.89453125,2561.85205078125,333.4840087890625,1.3177299499511719,22.12683868408203,34.25436019897461,18.413965225219727,22.032346725463867,11.928194046020508,12.877431869506836,0.8141409754753113,12.362028121948242,87.18799591064453,140.73553466796875
2021-08-02,39201.9453125,2610.1533203125,331.1031188964844,1.3100680112838745,23.480348587036133,33.22241973876953,18.017284393310547,22.40984535217285,12.329427719116211,13.006891250610352,0.8177760243415833,12.48671817779541,104.48841857910156,141.50550842285156
2021-08-03,38152.98046875,2502.349609375,322.74774169921875,1.3650259971618652,23.875957489013672,33.99644088745117,17.33682632446289,21.27823257446289,14.719024658203125,12.533293724060059,0.8167719841003418,12.088598251342773,97.88760375976562,138.2908477783203
2021-08-04,39747.50390625,2724.619873046875,334.9187927246094,1.3765640258789062,24.188875198364258,35.76362609863281,19.16309356689453,23.526203155517578,14.51312255859375,13.679924964904785,0.8277810215950012,12.787025451660156,102.4478530883789,142.623046875
2021-08-05,40869.5546875,2827.328857421875,337.8738708496094,1.386144995689392,24.050495147705078,37.35513687133789,19.13237190246582,25.440156936645508,14.554635047912598,13.834280967712402,0.8512730002403259,13.024024963378906,108.94659423828125,143.43597412109375
2021-08-06,42816.5,2890.941650390625,342.1369934082031,1.401785969734192,23.85933494567871,39.446102142333984,20.400678634643555,26.160932540893555,14.498414039611816,14.725431442260742,0.8540189862251282,13.580483436584473,115.48894500732422,147.8009490966797
2021-08-07,44555.80078125,3157.23876953125,355.7413635253906,1.4706770181655884,24.63165283203125,39.403472900390625,20.96709442138672,28.185483932495117,14.588269233703613,15.761190414428711,0.8754990100860596,14.007085800170898,117.70658874511719,155.86477661132812
2021-08-08,43798.1171875,3013.732666015625,342.06475830078125,1.4278299808502197,23.045608520507812,37.673824310302734,19.676132202148438,26.722593307495117,13.414520263671875,14.814119338989258,0.8254209756851196,13.132248878479004,125.45685577392578,149.8477325439453
2021-08-09,46365.40234375,3167.856201171875,354.9668273925781,1.4776400327682495,24.287246704101562,38.767784118652344,20.6209716796875,28.402530670166016,13.969467163085938,16.2318058013916,0.8554109930992126,13.682089805603027,134.8929901123047,166.516357421875
2021-08-10,45585.03125,3141.691162109375,371.9543762207031,1.6725660562515259,24.566286087036133,40.63979721069336,20.608009338378906,28.7582950592041,16.74758529663086,16.44843864440918,0.8826509714126587,14.0942964553833,139.65130615234375,165.46041870117188
2021-08-11,45593.63671875,3164.2451171875,391.7570495605469,1.7980380058288574,25.9465389251709,41.74411392211914,21.402421951293945,29.000503540039062,17.0195369720459,16.74867820739746,0.9122030138969421,14.599297523498535,135.4740447998047,170.93594360351562
2021-08-12,44428.2890625,3043.414306640625,385.8189697265625,1.8238780498504639,24.917234420776367,41.099361419677734,20.754806518554688,28.047378540039062,16.568950653076172,16.569053649902344,0.8828870058059692,14.038819313049316,134.0862274169922,165.1310272216797
2021-08-13,47793.3203125,3322.211669921875,410.94488525390625,2.1360790729522705,27.733137130737305,44.894500732421875,22.714149475097656,30.574594497680664,17.801057815551758,18.04875373840332,0.9546359777450562,15.207443237304688,138.1802520751953,183.2860870361328
2021-08-14,47096.9453125,3265.443359375,409.03448486328125,2.1916871070861816,27.15542221069336,44.112850189208984,22.861026763916016,30.137561798095703,17.402936935424805,18.067649841308594,0.9322149753570557,15.551835060119629,137.11984252929688,182.71127319335938
2021-08-15,47047.00390625,3310.504150390625,414.59503173828125,2.1691529750823975,27.90401268005371,53.74515914916992,23.17401695251465,30.252153396606445,19.28481674194336,18.795135498046875,0.9964510202407837,15.904951095581055,136.69309997558594,184.904296875
2021-08-16,46004.484375,3156.509521484375,417.4708557128906,2.0794169902801514,28.084339141845703,62.432464599609375,24.535856246948242,29.203548431396484,22.000459671020508,19.18263053894043,0.949383020401001,15.853260040283203,136.6855926513672,178.8544921875
2021-08-17,44695.359375,3014.845947265625,401.9089050292969,1.9266010522842407,26.15813636779785,64.21070861816406,23.533639907836914,26.419477462768555,25.23495864868164,23.529998779296875,0.8847249746322632,15.994036674499512,140.04551696777344,168.84263610839844
2021-08-18,44801.1875,3020.08984375,398.25146484375,2.108560085296631,25.512895584106445,72.5433120727539,23.948135375976562,26.58272933959961,30.841764450073242,29.89081382751465,0.9248210191726685,17.997228622436523,147.22447204589844,167.3966064453125
2021-08-19,46717.578125,3182.7021484375,430.9888610839844,2.4281399250030518,27.064760208129883,72.75760650634766,26.548627853393555,27.957237243652344,29.3968563079834,30.634273529052734,1.0444979667663574,18.68208122253418,146.16004943847656,175.493408203125
2021-08-20,49339.17578125,3286.935302734375,454.9363098144531,2.4577019214630127,28.701841354370117,78.72461700439453,28.146953582763672,28.867103576660156,30.652450561523438,39.185302734375,1.1381640434265137,18.921852111816406,155.94419860839844,183.62852478027344
2021-08-21,48905.4921875,3226.083984375,448.9202575683594,2.4354350566864014,27.861591339111328,73.75621032714844,27.873336791992188,28.248825073242188,27.551191329956055,43.78691101074219,1.1470979452133179,22.094785690307617,149.12527465820312,179.73614501953125
2021-08-22,49321.65234375,3242.115478515625,449.0534973144531,2.7137250900268555,28.022817611694336,72.80391693115234,27.736873626708984,28.42609977722168,28.033279418945312,43.53219985961914,1.1581649780273438,21.857561111450195,147.98342895507812,186.31309509277344
2021-08-23,49546.1484375,3319.25732421875,499.8905944824219,2.917386054992676,28.554101943969727,75.70803833007812,27.89130973815918,28.785572052001953,29.916851043701172,46.450531005859375,1.1593250036239624,21.831253051757812,149.1852569580078,187.10643005371094
2021-08-24,47706.1171875,3172.456298828125,471.595458984375,2.7210910320281982,25.752197265625,70.67090606689453,25.081445693969727,26.64594841003418,29.671165466308594,55.34585189819336,1.037632942199707,19.62464714050293,137.34779357910156,173.57681274414062
2021-08-25,48960.7890625,3224.915283203125,502.7862548828125,2.7381319999694824,26.520479202270508,71.95156860351562,25.935373306274414,27.023340225219727,29.989593505859375,46.1151237487793,1.0630799531936646,19.973630905151367,138.69032287597656,177.6032257080078
2021-08-26,46942.21875,3100.325439453125,479.006103515625,2.5355279445648193,24.426326751708984,75.31620788574219,23.981494903564453,25.562664031982422,27.009300231933594,41.420753479003906,0.9899569749832153,17.97055435180664,134.8440704345703,168.08558654785156
2021-08-27,49058.66796875,3270.600830078125,494.4986877441406,2.944196939468384,26.018299102783203,88.08698272705078,26.569753646850586,27.36817741394043,32.66126251220703,50.077789306640625,1.065106987953186,20.459877014160156,141.06983947753906,175.98440551757812
2021-08-28,48902.40234375,3244.4033203125,486.1969299316406,2.847490072250366,25.729089736938477,96.70317077636719,25.96674156188965,26.8166446685791,34.959205627441406,50.19713592529297,1.036795973777771,21.336055755615234,140.74649047851562,175.45408630371094
2021-08-29,48829.83203125,3227.002685546875,480.28302001953125,2.8559861183166504,25.813661575317383,94.46967315673828,25.73291778564453,26.81300926208496,33.331241607666016,47.50910568237305,1.0215229988098145,21.201059341430664,141.2043914794922,174.7042236328125
2021-08-30,47054.984375,3224.374267578125,459.4907531738281,2.7331600189208984,24.980934143066406,110.54480743408203,26.044719696044922,26.777944564819336,33.468238830566406,41.325077056884766,1.0189900398254395,22.100242614746094,157.6714630126953,167.42466735839844
2021-08-31,47166.6875,3433.732666015625,464.4187316894531,2.772475004196167,26.750707626342773,108.48377227783203,31.470020294189453,29.42051887512207,31.56235694885254,39.48735046386719,1.116987943649292,22.872098922729492,168.59112548828125,171.6592254638672
2021-09-01,48847.02734375,3834.828125,490.0687255859375,2.870767116546631,29.73518180847168,111.03300476074219,33.13948059082031,31.29646873474121,31.662614822387695,41.931602478027344,1.1588549613952637,25.351999282836914,176.8848114013672,180.97216796875
2021-09-02,49327.72265625,3790.989990234375,483.9210510253906,2.963438034057617,29.985244750976562,128.10238647460938,31.814712524414062,29.983781814575195,32.86503982543945,47.755916595458984,1.1458849906921387,24.144254684448242,171.78387451171875,183.61724853515625
2021-09-03,50025.375,3940.61474609375,488.6047058105469,2.9682390689849854,30.784265518188477,146.5830535888672,33.67427444458008,28.66644859313965,31.741863250732422,45.91118240356445,1.22074294090271,24.135107040405273,174.5585479736328,212.96597290039062
2021-09-04,49944.625,3887.828369140625,498.07843017578125,2.8328070640563965,29.897823333740234,139.11306762695312,32.41751480102539,28.615150451660156,31.406158447265625,47.143165588378906,1.2075560092926025,24.43427085876465,171.70574951171875,212.35845947265625
2021-09-05,51753.41015625,3952.133544921875,504.619873046875,2.9108240604400635,33.5034294128418,142.0708770751953,34.408790588378906,29.364463806152344,34.486785888671875,48.178924560546875,1.3166719675064087,25.75535774230957,176.13465881347656,231.333984375
2021-09-06,52633.53515625,3928.37939453125,495.9250183105469,2.831897020339966,34.78485870361328,164.38092041015625,34.31120300292969,28.856008529663086,32.35395050048828,47.04298782348633,1.4679399728775024,25.116592407226562,180.06678771972656,219.52577209472656
2021-09-07,46811.12890625,3426.394287109375,417.5087890625,2.502490997314453,28.11425018310547,173.14892578125,27.82574462890625,24.24998664855957,27.789936065673828,37.59894943237305,1.266266942024231,20.905874252319336,158.03482055664062,178.11439514160156
2021-09-08,46091.390625,3497.315185546875,415.1131591796875,2.4749889373779297,27.15100860595703,191.04139709472656,27.70879364013672,23.177143096923828,29.426498413085938,37.05140686035156,1.9237489700317383,20.52924346923828,172.29124450683594,179.72467041015625
2021-09-09,46391.421875,3427.340087890625,421.27001953125,2.5176661014556885,27.978628158569336,188.19580078125,29.835569381713867,23.309484481811523,30.511926651000977,40.772613525390625,2.3122479915618896,27.003868103027344,200.98541259765625,180.37680053710938
2021-09-10,44883.91015625,3211.505859375,401.6217956542969,2.385910987854004,26.387523651123047,179.865234375,29.215356826782227,22.31696891784668,43.5446662902832,49.18913650512695,2.0045928955078125,29.44214630126953,235.07974243164062,174.29603576660156
2021-09-11,45201.45703125,3270.278076171875,405.5273742675781,2.6339499950408936,27.041149139404297,178.8678741455078,31.594602584838867,22.749895095825195,39.09306716918945,57.16424560546875,1.983834981918335,27.28606605529785,229.27020263671875,178.68856811523438
2021-09-12,46063.26953125,3410.134521484375,416.6832275390625,2.5817270278930664,29.379243850708008,174.53762817382812,35.77433776855469,23.688823699951172,39.22871780395508,59.259429931640625,2.3794798851013184,34.999603271484375,265.9412841796875,183.23448181152344
2021-09-13,44963.07421875,3285.51171875,399.0634460449219,2.400662899017334,26.918481826782227,169.26954650878906,34.76799011230469,22.6566162109375,37.19157409667969,53.11015319824219,2.1571691036224365,35.62862014770508,261.0480041503906,179.48394775390625
2021-09-14,47092.4921875,3429.169677734375,414.2362365722656,2.3956379890441895,30.746164321899414,158.09481811523438,37.37580108642578,25.65300941467285,35.66656494140625,51.57811737060547,2.037281036376953,34.104835510253906,280.9647216796875,183.13906860351562
2021-09-15,48176.34765625,3615.28271484375,431.42303466796875,2.5016350746154785,30.779600143432617,159.1173858642578,36.46339416503906,27.464513778686523,36.689205169677734,57.62539291381836,2.0159220695495605,34.13190460205078,258.42132568359375,189.23941040039062
2021-09-16,47783.359375,3571.294921875,424.64923095703125,2.420969009399414,29.82655143737793,152.47406005859375,35.547550201416016,26.274017333984375,37.52246856689453,67.84269714355469,2.039315938949585,36.90579605102539,266.9869384765625,185.53807067871094
2021-09-17,47267.51953125,3398.538818359375,406.6328125,2.346419095993042,27.694597244262695,147.5930633544922,33.021385192871094,24.28819465637207,34.42565155029297,69.93401336669922,1.9204649925231934,33.41331481933594,241.8239288330078,179.68408203125
2021-09-18,48278.36328125,3432.018310546875,410.8092956542969,2.3699779510498047,28.39057731628418,169.18421936035156,34.89886474609375,24.54183578491211,34.78163146972656,69.01238250732422,2.0722110271453857,40.8543701171875,248.56500244140625,181.30886840820312
2021-09-19,47260.21875,3329.447998046875,408.4716491699219,2.282299041748047,27.395748138427734,152.51669311523438,33.801334381103516,23.92476463317871,32.962181091308594,70.07572174072266,1.9734530448913574,44.542789459228516,225.0188446044922,175.7406005859375
2021-09-20,42843.80078125,2958.993408203125,361.9659118652344,2.0639889240264893,23.43109893798828,132.13446044921875,28.051830291748047,20.762800216674805,27.217382431030273,56.67792892456055,1.650480031967163,33.7921142578125,184.140380859375,156.46401977539062
2021-09-21,40693.67578125,2764.43115234375,344.53460693359375,1.9870280027389526,21.432621002197266,123.95039367675781,26.31650161743164,19.036571502685547,25.152347564697266,59.017356872558594,1.5748549699783325,30.442258834838867,200.05075073242188,148.38987731933594
2021-09-22,43574.5078125,3077.867919921875,379.4403381347656,2.2661819458007812,24.493072509765625,147.92425537109375,31.611772537231445,21.637622833251953,33.273799896240234,74.1870346069336,1.8421239852905273,39.983848571777344,230.72998046875,161.41200256347656
2021-09-23,44895.09765625,3155.523681640625,383.8204040527344,2.3309409618377686,25.453983306884766,149.75357055664062,33.54473876953125,21.530466079711914,36.20280075073242,76.41905975341797,2.0057408809661865,41.51523208618164,246.03189086914062,163.81834411621094
2021-09-24,42839.75,2931.669189453125,355.3162841796875,2.281269073486328,23.280738830566406,139.39564514160156,30.842344284057617,19.671728134155273,40.20151138305664,72.40190124511719,1.7886890172958374,42.79362106323242,237.97113037109375,152.2317352294922
2021-09-25,42716.59375,2925.565673828125,349.8800964355469,2.3015410900115967,24.52366065979004,136.17892456054688,29.843185424804688,19.50146484375,37.90815353393555,68.38166046142578,1.7330069541931152,39.51508712768555,218.8578338623047,151.18145751953125
2021-09-26,43208.5390625,3062.265380859375,344.1817626953125,2.2084949016571045,24.602155685424805,135.69937133789062,28.828662872314453,24.029178619384766,34.64458084106445,66.86196899414062,1.7736339569091797,39.619590759277344,223.3394775390625,150.640869140625
2021-09-27,42235.73046875,2934.138916015625,336.19122314453125,2.1359050273895264,23.06629753112793,136.72842407226562,27.772104263305664,22.445222854614258,36.90671920776367,66.50875854492188,1.6741830110549927,37.34105682373047,212.55319213867188,145.34957885742188
2021-09-28,41034.54296875,2807.296630859375,333.0325927734375,2.0391390323638916,22.101900100708008,131.53721618652344,26.33382797241211,23.05898666381836,33.16389083862305,61.51771926879883,1.561946988105774,33.668216705322266,199.8429412841797,140.5971221923828
2021-09-29,41564.36328125,2853.143310546875,367.9895935058594,2.065687894821167,22.880529403686523,135.35145568847656,27.274255752563477,23.049686431884766,34.186187744140625,65.52000427246094,1.6050740480422974,33.950531005859375,203.55064392089844,144.9186248779297
2021-09-30,43790.89453125,3001.678955078125,387.0573425292969,2.1144518852233887,23.98634910583496,141.0690460205078,28.58061981201172,23.527053833007812,38.6016731262207,66.76588439941406,1.628594994544983,36.21210861206055,210.3067626953125,153.1479949951172
2021-10-01,48116.94140625,3307.51611328125,421.6431884765625,2.258126974105835,26.297439575195312,161.682373046875,31.96877670288086,25.63608169555664,37.73747634887695,67.57039642333984,1.7742979526519775,37.837257385253906,241.81488037109375,166.1322021484375
2021-10-02,47711.48828125,3391.6943359375,428.09832763671875,2.2514588832855225,26.94674301147461,169.093017578125,32.122108459472656,26.178560256958008,41.47689437866211,69.22048950195312,1.7774670124053955,38.75696563720703,245.88690185546875,169.25892639160156
2021-10-03,48199.953125,3418.358642578125,430.5088195800781,2.252872943878174,27.559040069580078,172.5891571044922,32.105255126953125,26.00412940979004,42.742488861083984,68.717041015625,1.9876610040664673,38.79066467285156,254.4271240234375,170.60997009277344
2021-10-04,49112.90234375,3380.089111328125,425.7489013671875,2.189234972000122,26.559356689453125,166.73191833496094,31.042125701904297,25.303266525268555,46.723358154296875,65.15984344482422,1.9330790042877197,36.71744155883789,239.37127685546875,167.54014587402344
2021-10-05,51514.8125,3518.5185546875,442.7061462402344,2.233124017715454,27.24262809753418,164.11582946777344,31.427457809448242,25.664791107177734,44.70867156982422,64.65011596679688,1.9533560276031494,36.730342864990234,244.73361206054688,173.89108276367188
2021-10-06,55361.44921875,3580.56201171875,435.4013671875,2.2121551036834717,26.83726692199707,154.1077423095703,32.28961181640625,25.287689208984375,41.948692321777344,60.11407470703125,1.8194659948349,35.21102523803711,230.83815002441406,178.70567321777344
2021-10-07,53805.984375,3587.974853515625,438.7617492675781,2.2769949436187744,26.834035873413086,154.28118896484375,33.97454833984375,25.535184860229492,46.54294967651367,61.48835372924805,1.8882369995117188,36.727561950683594,242.94493103027344,178.771728515625
2021-10-08,53967.84765625,3563.75927734375,419.10205078125,2.237175941467285,26.40096092224121,158.94920349121094,33.372894287109375,24.76791000366211,43.28617858886719,60.520225524902344,1.899196982383728,34.9835205078125,257.67181396484375,175.97238159179688
2021-10-09,54968.22265625,3575.716796875,421.5494689941406,2.2666149139404297,27.417076110839844,156.82583618164062,36.3274040222168,25.13216781616211,42.47336196899414,60.56625747680664,1.890509009361267,35.21779251098633,258.71185302734375,179.65866088867188
2021-10-10,54771.578125,3425.852783203125,405.0693054199219,2.197213888168335,25.648935317993164,148.0487060546875,34.4664192199707,24.25234031677246,39.37347412109375,56.59357452392578,1.7714530229568481,32.51460266113281,240.61997985839844,175.31857299804688
2021-10-11,57484.7890625,3545.35400390625,413.4562072753906,2.173388957977295,25.25881576538086,144.85813903808594,34.18463134765625,24.15532684326172,39.210147857666016,55.30461120605469,1.7175250053405762,32.069400787353516,249.18701171875,179.42605590820312
2021-10-12,56041.05859375,3492.5732421875,443.8675231933594,2.119189977645874,24.623647689819336,152.73712158203125,35.159767150878906,23.46637725830078,37.59783172607422,54.35797119140625,1.7449009418487549,33.47243881225586,236.22393798828125,172.79776000976562
2021-10-13,57401.09765625,3606.20166015625,470.74969482421875,2.1890530586242676,25.61174964904785,148.17604064941406,41.6169319152832,24.674861907958984,36.61662292480469,55.152488708496094,1.838683009147644,34.64904022216797,241.9198760986328,177.62832641601562
2021-10-14,57321.5234375,3786.01416015625,472.02239990234375,2.170362949371338,26.647485733032227,149.75680541992188,40.75510025024414,26.401269912719727,37.15126037597656,56.08110427856445,1.8041549921035767,33.776123046875,241.5554962158203,180.11839294433594
2021-10-15,61593.94921875,3862.634765625,473.70263671875,2.214651107788086,26.94454574584961,162.59620666503906,43.15711212158203,25.849355697631836,36.949493408203125,56.2510871887207,1.752943992614746,33.010196685791016,236.47911071777344,188.8141326904297
2021-10-16,60892.1796875,3830.382080078125,465.6424560546875,2.177712917327881,27.228479385375977,157.538818359375,41.757625579833984,27.012237548828125,36.59237289428711,57.48309326171875,1.796759009361267,33.13948059082031,240.9601287841797,186.18930053710938
2021-10-17,61553.6171875,3847.1044921875,470.62554931640625,2.1569631099700928,26.54088592529297,159.74380493164062,42.073951721191406,25.9271297454834,36.1889762878418,56.07736587524414,1.7681440114974976,32.414329528808594,235.86270141601562,183.73052978515625
2021-10-18,62026.078125,3748.76025390625,485.11102294921875,2.128262996673584,25.70457649230957,157.2312774658203,41.18367004394531,25.65212059020996,35.82107925415039,55.474483489990234,1.7367429733276367,31.88578224182129,230.2030029296875,185.55674743652344
2021-10-19,64261.9921875,3877.65087890625,488.14886474609375,2.112962007522583,25.936241149902344,156.01702880859375,41.38401412963867,26.070106506347656,37.733585357666016,56.81697463989258,1.7111539840698242,35.12923812866211,229.82968139648438,188.9398193359375
2021-10-20,65992.8359375,4155.9921875,501.02032470703125,2.1859500408172607,27.419164657592773,175.94686889648438,44.348655700683594,27.037132263183594,42.55474090576172,59.55984115600586,1.7885329723358154,35.88064956665039,239.94412231445312,206.87078857421875
2021-10-21,62210.171875,4054.32275390625,471.2569274902344,2.1365909576416016,28.268346786499023,190.3184356689453,42.846519470214844,26.111133575439453,40.9063720703125,61.309810638427734,1.782410979270935,34.32960510253906,248.53231811523438,196.8691864013672
2021-10-22,60692.265625,3970.181884765625,478.6431579589844,2.1541988849639893,28.661046981811523,196.43153381347656,43.44936752319336,25.637157440185547,43.61540222167969,65.45528411865234,1.8594059944152832,34.04154586791992,274.4622497558594,190.82228088378906
2021-10-23,61393.6171875,4171.66357421875,485.90643310546875,2.1668150424957275,31.459808349609375,197.703857421875,44.04997253417969,26.841773986816406,43.18797302246094,65.45916748046875,1.9102050065994263,35.77384567260742,271.3854675292969,196.30950927734375
2021-10-24,60930.8359375,4087.903076171875,476.63311767578125,2.1234350204467773,29.770856857299805,202.3619842529297,42.385658264160156,25.83725357055664,41.484683990478516,64.51839447021484,1.8166329860687256,34.29521560668945,283.7901611328125,190.9056854248047
2021-10-25,63039.82421875,4217.876953125,484.64508056640625,2.144066095352173,32.46010971069336,210.1042938232422,44.5266227722168,26.705354690551758,42.79079818725586,69.82469177246094,2.043942928314209,35.2713737487793,294.618408203125,195.299560546875
2021-10-26,60363.79296875,4131.10205078125,478.0250549316406,2.138777017593384,32.503047943115234,199.8072509765625,44.883872985839844,26.557506561279297,43.8663444519043,68.87113189697266,2.0379040241241455,43.216392517089844,273.00811767578125,197.4688720703125
2021-10-27,58482.38671875,3930.25732421875,449.00799560546875,1.9132369756698608,28.88567352294922,183.77459716796875,40.41045379638672,24.15403175354004,39.873443603515625,61.51663589477539,1.7886780500411987,36.76237106323242,245.39126586914062,179.33412170410156
2021-10-28,60622.13671875,4287.31884765625,492.0155334472656,1.9882190227508545,30.227046966552734,194.86398315429688,41.861690521240234,24.9399471282959,42.95647430419922,64.4300765991211,1.8483999967575073,38.06586456298828,257.0880432128906,189.97763061523438
2021-10-29,62227.96484375,4414.74658203125,529.6221313476562,2.0121870040893555,30.934831619262695,200.18275451660156,44.07362365722656,25.4126033782959,45.57643127441406,64.77246856689453,1.870479941368103,39.417236328125,268.9647521972656,196.34471130371094
2021-10-30,61888.83203125,4325.650390625,527.9212036132812,1.9574220180511475,29.78166961669922,195.4160614013672,42.747833251953125,24.90863609313965,43.33821105957031,62.41526794433594,1.8196439743041992,37.27088165283203,259.6157531738281,190.4823455810547
2021-10-31,61318.95703125,4288.07421875,524.3644409179688,1.9650260210037231,29.98500633239746,202.4210205078125,42.742095947265625,24.992748260498047,42.889774322509766,64.28780364990234,1.8286900520324707,37.26321792602539,270.9442138671875,191.81637573242188
2021-11-01,61004.40625,4324.626953125,551.2559204101562,1.9500019550323486,31.565237045288086,203.5450897216797,49.98225402832031,25.630748748779297,44.05930709838867,65.07251739501953,1.833672046661377,37.35795593261719,269.5904235839844,197.55499267578125
2021-11-02,63226.40234375,4584.798828125,554.4476318359375,1.9713770151138306,32.265533447265625,220.23959350585938,51.631351470947266,26.17242431640625,44.755489349365234,67.58455657958984,1.8618329763412476,37.06620788574219,272.51800537109375,200.7246856689453
2021-11-03,62970.046875,4607.19384765625,568.5787963867188,2.0637009143829346,31.99086570739746,242.89881896972656,53.443702697753906,26.855335235595703,48.061790466308594,75.430419921875,1.9278149604797363,38.41892623901367,307.7010803222656,207.11013793945312
2021-11-04,61452.23046875,4537.32421875,559.7373046875,1.9848819971084595,31.02092933654785,247.3877716064453,53.88173294067383,25.78609848022461,51.922386169433594,79.29322052001953,1.8589650392532349,37.51663589477539,318.0805969238281,202.96798706054688
2021-11-05,61125.67578125,4486.2431640625,608.6480712890625,1.9862060546875,32.917903900146484,236.47433471679688,51.89467239379883,25.61132049560547,49.97332000732422,74.36473846435547,1.848338007926941,36.902591705322266,316.1724853515625,199.53793334960938
2021-11-06,61527.48046875,4521.5810546875,636.1139526367188,2.0066089630126953,32.083438873291016,258.934326171875,52.00921630859375,25.181934356689453,51.179832458496094,78.6852035522461,1.8369580507278442,36.29985046386719,316.7204284667969,197.86636352539062
2021-11-07,63326.98828125,4620.5546875,650.4540405273438,2.021872043609619,32.34956359863281,249.823486328125,52.27798080444336,25.34868049621582,50.61323165893555,87.7054214477539,1.8654299974441528,35.71665954589844,315.81829833984375,202.0513153076172
2021-11-08,67566.828125,4812.08740234375,654.3150024414062,2.1244189739227295,34.47759246826172,248.46717834472656,53.34845733642578,26.252769470214844,54.15776062011719,91.18478393554688,2.0538129806518555,36.697166442871094,309.541748046875,228.69619750976562
2021-11-09,66971.828125,4735.06884765625,635.1906127929688,2.2734830379486084,33.85927200317383,239.213134765625,50.779361724853516,26.3830623626709,50.23533630371094,88.45486450195312,1.9441440105438232,35.83833312988281,317.0692443847656,262.9067077636719
2021-11-10,64995.23046875,4636.17431640625,615.278076171875,2.101802110671997,34.34270477294922,233.77952575683594,46.87133026123047,25.343095779418945,48.788299560546875,85.29527282714844,1.934533953666687,32.11206817626953,313.1821594238281,261.2629699707031
2021-11-11,64949.9609375,4730.38427734375,629.892333984375,2.085524082183838,34.8371696472168,234.24075317382812,47.64762496948242,25.460220336914062,50.59540557861328,88.06133270263672,2.031259059906006,33.07774353027344,318.5971984863281,263.0867004394531
2021-11-12,64155.94140625,4667.115234375,626.6425170898438,2.0457661151885986,34.26552200317383,228.50209045410156,45.88080596923828,24.578529357910156,49.55778884887695,84.72491455078125,2.150451898574829,32.03732681274414,325.0150451660156,251.55836486816406
2021-11-13,64469.52734375,4651.46044921875,650.1041259765625,2.0531039237976074,34.0648307800293,241.8250274658203,47.12905502319336,24.686586380004883,52.17427062988281,97.26046752929688,2.0825510025024414,32.54866409301758,322.30316162109375,258.09320068359375
2021-11-14,65466.83984375,4626.35888671875,650.9180908203125,2.0408530235290527,33.77658462524414,238.42552185058594,46.40182113647461,24.568668365478516,51.06683349609375,95.4035415649414,1.9831290245056152,31.88081169128418,319.8921203613281,278.00750732421875
2021-11-15,63557.87109375,4557.50390625,633.0486450195312,2.015587091445923,32.0107536315918,237.55360412597656,44.688716888427734,23.95619010925293,48.050052642822266,93.55023193359375,1.8896349668502808,31.432010650634766,314.3530578613281,262.7633972167969
2021-11-16,60161.24609375,4216.365234375,589.8228759765625,1.8772350549697876,29.225008010864258,219.23902893066406,40.899314880371094,21.712846755981445,43.249454498291016,97.97557067871094,1.7283120155334473,28.41158103942871,303.8653869628906,230.59942626953125
2021-11-17,60368.01171875,4287.59375,578.0927734375,1.875540018081665,29.19304847717285,218.71524047851562,42.70829391479492,21.884939193725586,43.14719772338867,107.80207824707031,1.6608229875564575,29.371543884277344,310.42669677734375,229.5041046142578
2021-11-18,56942.13671875,4000.65087890625,532.2376098632812,1.7883310317993164,26.525693893432617,195.48741149902344,39.04596710205078,20.094423294067383,40.28295135498047,100.25276947021484,1.845844030380249,26.643613815307617,308.2247009277344,204.42291259765625
2021-11-19,58119.578125,4298.306640625,581.5308227539062,1.8647929430007935,28.29111671447754,215.28001403808594,41.26102066040039,21.233858108520508,42.42362594604492,112.0235595703125,1.8804080486297607,28.141193389892578,347.2447814941406,218.13858032226562
2021-11-20,59697.1953125,4409.93115234375,603.8400268554688,1.9217360019683838,28.334068298339844,218.01527404785156,42.060428619384766,22.005708694458008,45.116519927978516,125.7706298828125,1.8362929821014404,29.418760299682617,391.8277587890625,227.07960510253906
2021-11-21,58730.4765625,4269.73291015625,585.2942504882812,1.8397630453109741,29.036161422729492,231.28262329101562,42.005706787109375,21.70135498046875,43.60243225097656,128.59982299804688,1.8339359760284424,31.03998565673828,427.1106262207031,221.77194213867188
2021-11-22,56289.2890625,4088.457763671875,559.1270141601562,1.7765549421310425,26.758991241455078,215.73727416992188,39.447872161865234,20.987781524658203,41.073829650878906,134.53103637695312,1.7357230186462402,32.06854248046875,490.3490905761719,209.15802001953125
2021-11-23,57569.07421875,4340.763671875,591.4395751953125,1.7505029439926147,26.93367576599121,221.83689880371094,40.79104232788086,22.178598403930664,42.6877326965332,123.83104705810547,1.833480954170227,32.13010025024414,468.76605224609375,216.38897705078125
2021-11-24,56280.42578125,4239.9814453125,581.3953247070312,1.6864229440689087,26.259172439575195,214.92153930664062,39.36941909790039,21.731754302978516,41.357120513916016,120.22818756103516,1.789302945137024,30.41471290588379,453.8447265625,209.8065948486328
2021-11-25,57274.6796875,4274.7431640625,603.730224609375,1.6513450145721436,26.18510627746582,206.25299072265625,38.45594787597656,20.833040237426758,40.04566192626953,122.64852905273438,1.752958059310913,29.786649703979492,450.3297424316406,215.63497924804688
2021-11-26,53569.765625,4030.908935546875,585.1473388671875,1.5284199714660645,23.856281280517578,191.51174926757812,34.38590621948242,19.185161590576172,40.76668930053711,103.82958221435547,1.5965019464492798,26.933250427246094,396.78045654296875,194.87464904785156
2021-11-27,54815.078125,4096.912109375,600.3367919921875,1.5461180210113525,24.11475944519043,193.10215759277344,35.18669891357422,19.511154174804688,43.894065856933594,113.27664947509766,1.6780120134353638,26.786035537719727,431.1785583496094,195.17442321777344
2021-11-28,57248.45703125,4294.45361328125,611.3668212890625,1.5928549766540527,24.823909759521484,200.67665100097656,35.76512145996094,20.16950035095215,50.09679412841797,110.58901977539062,1.7117149829864502,27.404687881469727,412.9878845214844,199.35421752929688
2021-11-29,57806.56640625,4445.10498046875,624.31005859375,1.6025079488754272,25.017925262451172,204.31936645507812,37.162654876708984,20.30320167541504,51.70349884033203,120.25830078125,1.777569055557251,28.125825881958008,396.3271179199219,205.87020874023438
2021-11-30,57005.42578125,4631.47900390625,622.6698608398438,1.5549030303955078,25.341773986816406,208.67098999023438,37.96049499511719,21.242639541625977,59.718265533447266,120.34369659423828,1.813681960105896,27.54965591430664,376.9798583984375,208.01454162597656
2021-12-01,57229.828125,4586.990234375,627.9715576171875,1.547713041305542,25.356210708618164,229.7992401123047,36.77326583862305,20.972164154052734,64.2315444946289,119.75084686279297,1.9678950309753418,26.709430694580078,406.4123229980469,208.97125244140625
2021-12-02,56477.81640625,4511.30224609375,619.4701538085938,1.715366005897522,24.537094116210938,233.9930419921875,35.75789260864258,22.36846923828125,66.18440246582031,107.86654663085938,1.883213996887207,28.375083923339844,356.9525146484375,203.4896240234375
2021-12-03,53598.24609375,4220.7060546875,594.635986328125,1.5565550327301025,23.291526794433594,211.22439575195312,33.639530181884766,19.93108558654785,63.33518981933594,108.13784790039062,1.7435179948806763,32.67555618286133,345.1658630371094,188.09971618652344
2021-12-04,49200.703125,4119.58740234375,569.0772705078125,1.420706033706665,20.667728424072266,201.1248321533203,29.368837356567383,17.19194984436035,75.55643463134766,92.88023376464844,1.65168297290802,28.125900268554688,309.2416687011719,163.05270385742188
2021-12-05,49368.84765625,4198.32275390625,557.7830810546875,1.3781050443649292,19.47732162475586,196.1682586669922,28.310138702392578,16.529132843017578,68.10562133789062,85.79002380371094,1.7584830522537231,24.625228881835938,288.3043518066406,156.4097900390625
2021-12-06,50582.625,4358.7373046875,589.2561645507812,1.425392985343933,19.884267807006836,194.19921875,28.249523162841797,17.34781265258789,67.28588104248047,93.31929779052734,1.7721589803695679,24.417329788208008,288.8863220214844,161.8865203857422
2021-12-07,51056.5234375,4370.71875,581.8552856445312,1.435947299003601,20.104433059692383,199.97906494140625,29.091615676879883,17.361181259155273,73.06685638427734,92.30195617675781,1.7377192974090576,24.646045684814453,292.1131896972656,162.13804626464844
